                  epoch,         train/box_loss,         train/cls_loss,         train/dfl_loss,   metrics/precision(B),      metrics/recall(B),       metrics/mAP50(B),    metrics/mAP50-95(B),           val/box_loss,           val/cls_loss,           val/dfl_loss,                 lr/pg0,                 lr/pg1,                 lr/pg2
                      1,                0.76936,                 2.4846,                 0.9453,                0.92239,                0.13506,                0.56652,                0.42073,                0.78555,                 3.5601,                0.89261,              0.0004072,              0.0004072,              0.0004072
                      2,                0.78576,                   1.42,                0.94266,                 0.7195,                0.63681,                0.81313,                0.58696,                0.83432,                 2.4621,                  0.952,             0.00066074,             0.00066074,             0.00066074
                      3,                0.76277,                 1.2741,                0.93655,                0.90058,                0.82707,                0.88371,                0.69083,                0.70768,                  1.399,                0.91541,             0.00074928,             0.00074928,             0.00074928
                      4,                0.70625,                 1.1198,                0.93216,                0.82433,                0.85708,                0.85263,                0.67537,                0.67683,                 1.1807,                0.90014,              0.0005075,              0.0005075,              0.0005075
                      5,                0.68697,                 1.0104,                0.91928,                0.89475,                0.88258,                0.92435,                0.73875,                0.63624,                 1.0344,                0.89702,              0.0005075,              0.0005075,              0.0005075
