                  epoch,         train/box_loss,         train/cls_loss,         train/dfl_loss,   metrics/precision(B),      metrics/recall(B),       metrics/mAP50(B),    metrics/mAP50-95(B),           val/box_loss,           val/cls_loss,           val/dfl_loss,                 lr/pg0,                 lr/pg1,                 lr/pg2
                      1,                 3.7519,                 3.6975,                 4.0729,                0.00211,                0.09274,                0.00146,                0.00045,                 4.1159,                 4.6237,                 4.5646,             0.00055005,             0.00055005,             0.00055005
                      2,                  3.245,                 3.4225,                 3.4577,                0.01643,                0.18274,                0.01065,                0.00331,                 3.1792,                 3.5983,                 3.4178,             0.00088679,             0.00088679,             0.00088679
                      3,                 3.0037,                 3.2246,                 3.0969,                0.05175,                0.09089,                0.03045,                0.00818,                 3.0271,                 3.5649,                 3.1483,              0.0010035,              0.0010035,              0.0010035
                      4,                 2.8242,                  3.076,                 2.8888,                0.12835,                 0.1214,                 0.0495,                0.01385,                 2.8017,                 3.1052,                 2.9185,              0.0006768,              0.0006768,              0.0006768
                      5,                 2.6683,                 2.9254,                 2.7443,                0.14136,                0.13789,                0.06701,                0.02269,                 2.6465,                 2.9536,                   2.77,              0.0006768,              0.0006768,              0.0006768
