                  epoch,         train/box_loss,         train/cls_loss,         train/dfl_loss,   metrics/precision(B),      metrics/recall(B),       metrics/mAP50(B),    metrics/mAP50-95(B),           val/box_loss,           val/cls_loss,           val/dfl_loss,                 lr/pg0,                 lr/pg1,                 lr/pg2
                      1,                  1.581,                 1.9991,                  1.434,                0.66613,                 0.3297,                0.42304,                0.21469,                 1.7582,                 2.2821,                 1.5596,             0.00055005,             0.00055005,             0.00055005
                      2,                 1.6708,                 1.7323,                 1.5214,                0.55219,                0.40374,                 0.4206,                0.20593,                 1.8829,                 2.0109,                 1.7449,             0.00088679,             0.00088679,             0.00088679
                      3,                 1.6616,                 1.6791,                 1.5304,                0.62276,                0.45537,                0.48763,                0.25462,                 1.7744,                 1.7446,                 1.6217,              0.0010035,              0.0010035,              0.0010035
                      4,                 1.6363,                  1.604,                 1.4958,                0.61218,                   0.49,                0.51932,                0.27329,                 1.7531,                 1.6663,                 1.5905,              0.0006768,              0.0006768,              0.0006768
                      5,                 1.5803,                 1.5337,                  1.466,                 0.6381,                0.47306,                0.52963,                0.27696,                 1.7488,                 1.6183,                 1.5411,              0.0006768,              0.0006768,              0.0006768
