                  epoch,         train/box_loss,         train/cls_loss,         train/dfl_loss,   metrics/precision(B),      metrics/recall(B),       metrics/mAP50(B),    metrics/mAP50-95(B),           val/box_loss,           val/cls_loss,           val/dfl_loss,                 lr/pg0,                 lr/pg1,                 lr/pg2
                      1,                 3.6189,                 5.3854,                 4.3056,                0.00021,                0.06933,                0.00024,                  5e-05,                 3.3163,                 5.5254,                  4.153,              0.0004072,              0.0004072,              0.0004072
                      2,                 3.2938,                 4.7427,                 3.8763,                 0.0003,                0.09742,                0.00032,                  8e-05,                 3.3069,                 5.2201,                 4.1824,             0.00066074,             0.00066074,             0.00066074
                      3,                 2.8818,                 4.2173,                 3.3644,                0.00108,                0.19989,                0.06637,                0.03795,                 2.8322,                 4.8998,                 3.8196,             0.00074928,             0.00074928,             0.00074928
                      4,                 2.6469,                 3.7211,                 3.0114,                0.48692,                0.15016,                0.15933,                 0.0728,                 2.2638,                 3.6387,                 2.7252,              0.0005075,              0.0005075,              0.0005075
                      5,                 2.4072,                  3.257,                 2.6799,                  0.855,                0.26415,                0.31107,                0.18668,                  1.839,                 2.9654,                 2.3728,              0.0005075,              0.0005075,              0.0005075
